node_id,node_name,node_type,line_num,rtl_name,op_type,node_objs
0_39,entry,3,0,not_exist,not_exist,"['7', '21', '22', '23', '24', '25', '26', '27', '28', '29', '30', '31', '32', '33', '34', '35', '36', '37', '38']"
0_45,loop_nodes,3,0,not_exist,not_exist,"['40', '41', '42', '44']"
0_50,loop_nodes.split,3,0,not_exist,not_exist,"['47', '48', '49']"
0_57,for.body4,3,0,not_exist,not_exist,"['51', '52', '53', '55', '56']"
0_70,for.body4.split,3,0,not_exist,not_exist,"['59', '60', '61', '62', '63', '64', '65', '66', '67', '68', '69']"
0_80,loop_neighbors,3,0,not_exist,not_exist,"['71', '72', '73', '74', '75', '76', '77', '78', '79']"
0_82,for.body13.preheader,3,0,not_exist,not_exist,['81']
0_87,for.body13,3,0,not_exist,not_exist,"['83', '84', '85', '86']"
0_116,for.body13.split,3,0,not_exist,not_exist,"['89', '90', '91', '92', '93', '94', '95', '96', '97', '98', '99', '100', '101', '102', '103', '104', '105', '106', '107', '108', '109', '110', '111', '112', '113', '114', '115']"
0_127,if.then18,3,0,not_exist,not_exist,"['117', '118', '119', '120', '121', '122', '123', '124', '125', '126']"
0_131,for.inc,3,0,not_exist,not_exist,"['128', '129', '130']"
0_133,for.inc24.loopexit,3,0,not_exist,not_exist,['132']
0_136,for.inc24,3,0,not_exist,not_exist,"['134', '135']"
0_155,for.end26,3,0,not_exist,not_exist,"['137', '138', '139', '140', '141', '142', '143', '144', '145', '146', '147', '148', '149', '150', '151', '152', '153', '154']"
0_158,for.inc33,3,0,not_exist,not_exist,"['156', '157']"
0_165,for.body4.1,3,0,not_exist,not_exist,"['159', '160', '161', '163', '164']"
0_178,for.body4.1.split,3,0,not_exist,not_exist,"['167', '168', '169', '170', '171', '172', '173', '174', '175', '176', '177']"
0_188,loop_neighbors.1,3,0,not_exist,not_exist,"['179', '180', '181', '182', '183', '184', '185', '186', '187']"
0_190,for.body13.1.preheader,3,0,not_exist,not_exist,['189']
0_195,for.body13.1,3,0,not_exist,not_exist,"['191', '192', '193', '194']"
0_224,for.body13.1.split,3,0,not_exist,not_exist,"['197', '198', '199', '200', '201', '202', '203', '204', '205', '206', '207', '208', '209', '210', '211', '212', '213', '214', '215', '216', '217', '218', '219', '220', '221', '222', '223']"
0_235,if.then18.1,3,0,not_exist,not_exist,"['225', '226', '227', '228', '229', '230', '231', '232', '233', '234']"
0_239,for.inc.1,3,0,not_exist,not_exist,"['236', '237', '238']"
0_241,for.inc24.1.loopexit,3,0,not_exist,not_exist,['240']
0_244,for.inc24.1,3,0,not_exist,not_exist,"['242', '243']"
0_263,for.end26.1,3,0,not_exist,not_exist,"['245', '246', '247', '248', '249', '250', '251', '252', '253', '254', '255', '256', '257', '258', '259', '260', '261', '262']"
0_266,for.inc33.1,3,0,not_exist,not_exist,"['264', '265']"
0_268,if.then31,3,0,not_exist,not_exist,['267']
0_270,for.end35.loopexit,3,0,not_exist,not_exist,['269']
0_272,for.end35,3,0,not_exist,not_exist,['271']
